Code,Title,Description,Required for Skills Funding Agency Funding Calculation,Valid From,Valid To
,,,,,
125.0,Non-workplace learning in employer responsive funding model,This code is used to describe provision that is not being delivered in the workplace but the funding model is employer responsive. This code can only be for learners who are aged 19 or over on 31 August 2011.,Y,2011-08-01,2013-07-31
303.0,Birmingham CLT,This code should be used to identify learners who are undertaking community learning provision as part of the Community Learning Trust Pilot Scheme in Birmingham,,2012-08-01,2016-07-31
306.0,Community Learning in Cheshire (CLiC) ,This code should be used to identify learners who are undertaking community learning provision as part of the Community Learning Trust Pilot Scheme in Cheshire,,2012-08-01,2016-07-31
309.0,Kent Community Learning Trust,This code should be used to identify learners who are undertaking community learning provision as part of the Community Learning Trust Pilot Scheme in Kent,,2012-08-01,2016-07-31
310.0,Brighton and Hove Community Learning Trust BHCLT,This code should be used to identify learners who are undertaking community learning provision as part of the Community Learning Trust Pilot Scheme in Brighton and Hove,,2012-08-01,2015-07-31
325.0,Tunnelling procurement,The purpose of this provision is to ensure that capacity is in place to provide skills support to tunnelling operations and underground construction to unemployed individuals on benefits and looking for work but face a skills barrier to entering this specific labour market.,,2013-08-01,2016-11-30
336.0,ESOL QCF additional learning,This code should be used to identify extra ESOL learning aims (from Category B of Appendix H) required to deliver the new ESOL QCF qualifications where a learner needs additional guided learning hours over and above those expected for the qualification. The code does not apply to learners whose main learning aim is non-regulated provision.,,2014-08-01,2015-07-31
339.0,Solent Skills for Growth Programme,Unit Trial for Solent Businesses with high growth potential,,2015-01-01,2016-07-31
